size,time,wins,games_played,percent_wins
5,41,424,797,0.5319949811794228
6,41,444,799,0.5556946182728411
7,41,1193,2297,0.5193730953417501
8,41,949,1797,0.5281023928770172
9,41,1010,1899,0.5318588730911006
5,30,52,100,0.52
6,30,49,100,0.49
7,30,582,1097,0.5305378304466728
8,30,598,1097,0.545123062898815
9,30,600,1100,0.5454545454545454
10,30,166,320,0.51875
