size,time,wins,games_played,percent_wins
5,41,372,697,0.533715925394548
6,41,395,699,0.5650929899856938
7,41,611,1200,0.5091666666666667
8,41,351,700,0.5014285714285714
9,41,356,700,0.5085714285714286
